T(øC),Ihigh(mA),Vhigh,Ilow(mA),Vlow,R
25,20,2.56,100,2.5,0.00075
0,20,2.56,100,2.47,0.001125
-10,20,2.54,100,2.42,0.0015
-20,20,2.51,100,2.33,0.00225
-30,20,2.39,100,2.12,0.003375
-40,20,2.04,100,1.25,0.009875
-50,1,2.33,2,1.74,0.59
-55,0.1,2.22,0.5,1.55,1.675
-60,0.1,1.5,0.2,0.7,8
